label,h1_x0,h1_y0,h1_x1,h1_y1,h1_x2,h1_y2,h1_x3,h1_y3,h1_x4,h1_y4,h1_x5,h1_y5,h1_x6,h1_y6,h1_x7,h1_y7,h1_x8,h1_y8,h1_x9,h1_y9,h1_x10,h1_y10,h1_x11,h1_y11,h1_x12,h1_y12,h1_x13,h1_y13,h1_x14,h1_y14,h1_x15,h1_y15,h1_x16,h1_y16,h1_x17,h1_y17,h1_x18,h1_y18,h1_x19,h1_y19,h1_x20,h1_y20,h2_x0,h2_y0,h2_x1,h2_y1,h2_x2,h2_y2,h2_x3,h2_y3,h2_x4,h2_y4,h2_x5,h2_y5,h2_x6,h2_y6,h2_x7,h2_y7,h2_x8,h2_y8,h2_x9,h2_y9,h2_x10,h2_y10,h2_x11,h2_y11,h2_x12,h2_y12,h2_x13,h2_y13,h2_x14,h2_y14,h2_x15,h2_y15,h2_x16,h2_y16,h2_x17,h2_y17,h2_x18,h2_y18,h2_x19,h2_y19,h2_x20,h2_y20
TwoHandGesture,0.7678571428571429,1.0,1.0,0.7169230769230769,0.9330357142857143,0.44,0.7142857142857143,0.27692307692307694,0.46875,0.2553846153846154,0.8125,0.3476923076923077,0.5535714285714286,0.07692307692307693,0.5178571428571429,0.13846153846153847,0.5625,0.2276923076923077,0.5044642857142857,0.4123076923076923,0.2767857142857143,0.052307692307692305,0.23214285714285715,0.0,0.21875,0.006153846153846154,0.23214285714285715,0.5261538461538462,0.0625,0.26153846153846155,0.16071428571428573,0.3230769230769231,0.2544642857142857,0.41846153846153844,0.044642857142857144,0.6738461538461539,0.0,0.47384615384615386,0.09821428571428571,0.52,0.16517857142857142,0.5876923076923077,0.824,1.0,1.0,0.7615230460921844,0.944,0.5811623246492986,0.74,0.45691382765531063,0.5,0.44288577154308617,0.836,0.48296593186372744,0.56,0.312625250501002,0.564,0.36472945891783565,0.632,0.4408817635270541,0.544,0.5270541082164328,0.276,0.2745490981963928,0.104,0.11222444889779559,0.0,0.0,0.272,0.6072144288577155,0.152,0.4308617234468938,0.232,0.4709418837675351,0.308,0.5410821643286573,0.1,0.7054108216432866,0.072,0.56312625250501,0.18,0.5891783567134269,0.248,0.6432865731462926
TwoHandGesture,0.8305785123966942,1.0,1.0,0.7611336032388664,0.9421487603305785,0.5931174089068826,0.7272727272727273,0.48785425101214575,0.4793388429752066,0.4817813765182186,0.8264462809917356,0.4797570850202429,0.5413223140495868,0.3259109311740891,0.5371900826446281,0.3825910931174089,0.5950413223140496,0.46558704453441296,0.5247933884297521,0.5263157894736842,0.26859504132231404,0.26720647773279355,0.09917355371900827,0.10526315789473684,0.0,0.0,0.25206611570247933,0.6174089068825911,0.11570247933884298,0.4473684210526316,0.2024793388429752,0.4939271255060729,0.29338842975206614,0.5647773279352226,0.07851239669421488,0.728744939271255,0.028925619834710745,0.5870445344129555,0.1446280991735537,0.6194331983805668,0.2190082644628099,0.6740890688259109,0,0,0,0,0,0,0,0,0,0,0,0,0,0,0,0,0,0,0,0,0,0,0,0,0,0,0,0,0,0,0,0,0,0,0,0,0,0,0,0,0,0
TwoHandGesture,0.8373983739837398,1.0,1.0,0.7678207739307535,0.943089430894309,0.5743380855397149,0.7439024390243902,0.4419551934826884,0.4959349593495935,0.4256619144602851,0.7967479674796748,0.4786150712830957,0.516260162601626,0.3075356415478615,0.5447154471544715,0.36863543788187375,0.6138211382113821,0.45621181262729127,0.516260162601626,0.5315682281059063,0.26422764227642276,0.26883910386965376,0.11382113821138211,0.1079429735234216,0.0,0.0,0.25609756097560976,0.6191446028513238,0.12601626016260162,0.4419551934826884,0.21138211382113822,0.48065173116089616,0.2926829268292683,0.5519348268839104,0.08536585365853659,0.7209775967413442,0.056910569105691054,0.5682281059063137,0.15853658536585366,0.5967413441955194,0.22764227642276422,0.6517311608961304,0,0,0,0,0,0,0,0,0,0,0,0,0,0,0,0,0,0,0,0,0,0,0,0,0,0,0,0,0,0,0,0,0,0,0,0,0,0,0,0,0,0
TwoHandGesture,0.8360655737704918,1.0,1.0,0.7678207739307535,0.9549180327868853,0.5763747454175153,0.7540983606557377,0.4378818737270876,0.5081967213114754,0.4154786150712831,0.7909836065573771,0.4969450101832994,0.5040983606557377,0.319755600814664,0.5327868852459017,0.37678207739307534,0.5983606557377049,0.45824847250509165,0.5204918032786885,0.5437881873727087,0.26229508196721313,0.27494908350305497,0.10655737704918032,0.1120162932790224,0.0,0.0,0.26639344262295084,0.6232179226069247,0.13934426229508196,0.4439918533604888,0.22131147540983606,0.4725050916496945,0.29918032786885246,0.539714867617108,0.0942622950819672,0.7128309572301426,0.045081967213114756,0.5621181262729125,0.14754098360655737,0.5845213849287169,0.22131147540983606,0.6374745417515275,0,0,0,0,0,0,0,0,0,0,0,0,0,0,0,0,0,0,0,0,0,0,0,0,0,0,0,0,0,0,0,0,0,0,0,0,0,0,0,0,0,0
TwoHandGesture,0.8298755186721992,1.0,1.0,0.7520491803278688,0.946058091286307,0.5840163934426229,0.7468879668049793,0.4610655737704918,0.5186721991701245,0.4405737704918033,0.8506224066390041,0.47950819672131145,0.5518672199170125,0.3135245901639344,0.5311203319502075,0.3709016393442623,0.5767634854771784,0.45491803278688525,0.5560165975103735,0.5225409836065574,0.2821576763485477,0.26024590163934425,0.1037344398340249,0.10040983606557377,0.0,0.0,0.2821576763485477,0.6086065573770492,0.13278008298755187,0.4364754098360656,0.2074688796680498,0.47950819672131145,0.29045643153526973,0.5491803278688525,0.11203319502074689,0.7151639344262295,0.05394190871369295,0.5737704918032787,0.16182572614107885,0.6065573770491803,0.23236514522821577,0.6639344262295082,0,0,0,0,0,0,0,0,0,0,0,0,0,0,0,0,0,0,0,0,0,0,0,0,0,0,0,0,0,0,0,0,0,0,0,0,0,0,0,0,0,0
TwoHandGesture,0.8223140495867769,1.0,1.0,0.7654320987654321,0.9504132231404959,0.5864197530864198,0.743801652892562,0.4773662551440329,0.48760330578512395,0.4691358024691358,0.8140495867768595,0.49176954732510286,0.5371900826446281,0.3230452674897119,0.5289256198347108,0.37448559670781895,0.5867768595041323,0.45267489711934156,0.5330578512396694,0.5308641975308642,0.2727272727272727,0.26954732510288065,0.10743801652892562,0.10905349794238683,0.0,0.0,0.2809917355371901,0.6090534979423868,0.10330578512396695,0.4382716049382716,0.18181818181818182,0.4835390946502058,0.2727272727272727,0.5534979423868313,0.11983471074380166,0.7119341563786008,0.04132231404958678,0.5740740740740741,0.1487603305785124,0.6069958847736625,0.23140495867768596,0.6646090534979424,0,0,0,0,0,0,0,0,0,0,0,0,0,0,0,0,0,0,0,0,0,0,0,0,0,0,0,0,0,0,0,0,0,0,0,0,0,0,0,0,0,0
TwoHandGesture,0.8215767634854771,1.0,1.0,0.7561475409836066,0.9377593360995851,0.5901639344262295,0.7219917012448133,0.48975409836065575,0.4730290456431535,0.48360655737704916,0.8257261410788381,0.47950819672131145,0.5601659751037344,0.32172131147540983,0.5601659751037344,0.3770491803278688,0.6099585062240664,0.45286885245901637,0.5352697095435685,0.5204918032786885,0.2863070539419087,0.2581967213114754,0.11618257261410789,0.10245901639344263,0.0,0.0,0.27800829875518673,0.6045081967213115,0.1078838174273859,0.4405737704918033,0.1950207468879668,0.48770491803278687,0.2821576763485477,0.5573770491803278,0.11203319502074689,0.7151639344262295,0.05394190871369295,0.5737704918032787,0.16182572614107885,0.6086065573770492,0.24066390041493776,0.6659836065573771,0,0,0,0,0,0,0,0,0,0,0,0,0,0,0,0,0,0,0,0,0,0,0,0,0,0,0,0,0,0,0,0,0,0,0,0,0,0,0,0,0,0
TwoHandGesture,0.8148148148148148,1.0,1.0,0.763265306122449,0.9382716049382716,0.6,0.7325102880658436,0.4959183673469388,0.4897119341563786,0.4857142857142857,0.8271604938271605,0.49183673469387756,0.5761316872427984,0.3346938775510204,0.5761316872427984,0.38571428571428573,0.6255144032921811,0.46122448979591835,0.5349794238683128,0.5306122448979592,0.2880658436213992,0.2693877551020408,0.1111111111111111,0.10612244897959183,0.0,0.0,0.2757201646090535,0.610204081632653,0.12345679012345678,0.4448979591836735,0.20164609053497942,0.48775510204081635,0.2839506172839506,0.5571428571428572,0.11522633744855967,0.7163265306122449,0.06584362139917696,0.5775510204081633,0.16872427983539096,0.6122448979591837,0.24279835390946503,0.6673469387755102,0,0,0,0,0,0,0,0,0,0,0,0,0,0,0,0,0,0,0,0,0,0,0,0,0,0,0,0,0,0,0,0,0,0,0,0,0,0,0,0,0,0
TwoHandGesture,0.8298755186721992,1.0,1.0,0.7582644628099173,0.941908713692946,0.5929752066115702,0.7385892116182573,0.493801652892562,0.5020746887966805,0.48760330578512395,0.8381742738589212,0.4855371900826446,0.5726141078838174,0.3140495867768595,0.5560165975103735,0.365702479338843,0.6141078838174274,0.4462809917355372,0.5518672199170125,0.5206611570247934,0.2863070539419087,0.2603305785123967,0.11203319502074689,0.10537190082644628,0.0,0.0,0.2946058091286307,0.6012396694214877,0.12863070539419086,0.44214876033057854,0.2074688796680498,0.4896694214876033,0.2821576763485477,0.5578512396694215,0.12863070539419086,0.7107438016528925,0.06224066390041494,0.5785123966942148,0.16597510373443983,0.6136363636363636,0.24896265560165975,0.6694214876033058,0,0,0,0,0,0,0,0,0,0,0,0,0,0,0,0,0,0,0,0,0,0,0,0,0,0,0,0,0,0,0,0,0,0,0,0,0,0,0,0,0,0
TwoHandGesture,0.24257425742574257,1.0,0.0,0.7279151943462897,0.054455445544554455,0.4664310954063604,0.32673267326732675,0.3498233215547703,0.5544554455445545,0.33568904593639576,0.15346534653465346,0.3992932862190813,0.42574257425742573,0.1166077738515901,0.4603960396039604,0.14840989399293286,0.43564356435643564,0.2226148409893993,0.45544554455445546,0.4734982332155477,0.698019801980198,0.20848056537102475,0.8316831683168316,0.08480565371024736,0.9306930693069307,0.0,0.7178217821782178,0.5971731448763251,0.9306930693069307,0.40636042402826855,0.8366336633663366,0.45936395759717313,0.7178217821782178,0.5512367491166078,0.9257425742574258,0.7314487632508834,1.0,0.607773851590106,0.9306930693069307,0.6360424028268551,0.8613861386138614,0.696113074204947,0.09205020920502092,1.0,0.0,0.7356608478802993,0.08786610878661087,0.5685785536159601,0.34309623430962344,0.516209476309227,0.5815899581589958,0.5286783042394015,0.08368200836820083,0.4613466334164589,0.3598326359832636,0.2344139650872818,0.4100418410041841,0.3117206982543641,0.3807531380753138,0.40399002493765584,0.3682008368200837,0.49625935162094764,0.6903765690376569,0.24438902743142144,0.8661087866108786,0.10972568578553615,1.0,0.0,0.602510460251046,0.5860349127182045,0.8326359832635983,0.48129675810473815,0.7740585774058577,0.5635910224438903,0.6903765690376569,0.6334164588528678,0.7866108786610879,0.7082294264339152,0.8451882845188284,0.6758104738154613,0.7866108786610879,0.7231920199501247,0.7280334728033473,0.7680798004987531
TwoHandGesture,0.2604166666666667,1.0,0.0,0.730909090909091,0.036458333333333336,0.509090909090909,0.2708333333333333,0.3709090909090909,0.5104166666666666,0.34545454545454546,0.14583333333333334,0.44727272727272727,0.3645833333333333,0.1781818181818182,0.4427083333333333,0.18181818181818182,0.453125,0.24727272727272728,0.4583333333333333,0.4909090909090909,0.6979166666666666,0.20363636363636364,0.8229166666666666,0.07636363636363637,0.90625,0.0,0.7083333333333334,0.5927272727272728,0.875,0.41818181818181815,0.8177083333333334,0.4690909090909091,0.7395833333333334,0.5527272727272727,0.9270833333333334,0.7381818181818182,1.0,0.6327272727272727,0.9479166666666666,0.6690909090909091,0.8854166666666666,0.7272727272727273,0.09049773755656108,1.0,0.0,0.7448453608247423,0.04072398190045249,0.5927835051546392,0.2669683257918552,0.520618556701031,0.502262443438914,0.5154639175257731,0.06787330316742081,0.46134020618556704,0.334841628959276,0.24484536082474226,0.4072398190045249,0.30670103092783507,0.37104072398190047,0.3917525773195876,0.35294117647058826,0.4948453608247423,0.6832579185520362,0.2345360824742268,0.8687782805429864,0.09536082474226804,1.0,0.0,0.6063348416289592,0.5773195876288659,0.8144796380090498,0.5051546391752577,0.751131221719457,0.5670103092783505,0.6561085972850679,0.6288659793814433,0.8009049773755657,0.6958762886597938,0.8778280542986425,0.6623711340206185,0.832579185520362,0.7087628865979382,0.7601809954751131,0.7577319587628866
TwoHandGesture,0.24875621890547264,1.0,0.0,0.7652439024390244,0.03482587064676617,0.5670731707317073,0.263681592039801,0.4268292682926829,0.5124378109452736,0.42073170731707316,0.12437810945273632,0.5,0.35323383084577115,0.2774390243902439,0.43283582089552236,0.3170731707317073,0.44776119402985076,0.39939024390243905,0.417910447761194,0.5487804878048781,0.6915422885572139,0.2804878048780488,0.8606965174129353,0.10670731707317073,1.0,0.0,0.6666666666666666,0.6432926829268293,0.8855721393034826,0.4725609756097561,0.7860696517412935,0.5365853658536586,0.6865671641791045,0.6067073170731707,0.8805970149253731,0.7774390243902439,0.9701492537313433,0.6646341463414634,0.9054726368159204,0.7103658536585366,0.8407960199004975,0.7591463414634146,0.10476190476190476,1.0,0.0,0.732620320855615,0.02857142857142857,0.5828877005347594,0.2523809523809524,0.5053475935828877,0.5,0.5053475935828877,0.05714285714285714,0.44385026737967914,0.3333333333333333,0.23529411764705882,0.4238095238095238,0.2914438502673797,0.38571428571428573,0.37967914438502676,0.3476190476190476,0.48128342245989303,0.680952380952381,0.2192513368983957,0.8761904761904762,0.08288770053475936,1.0,0.0,0.6142857142857143,0.56951871657754,0.8333333333333334,0.5026737967914439,0.7666666666666667,0.5561497326203209,0.6523809523809524,0.6122994652406417,0.8285714285714286,0.6951871657754011,0.919047619047619,0.6497326203208557,0.8666666666666667,0.6925133689839572,0.7904761904761904,0.7486631016042781
TwoHandGesture,0.2222222222222222,1.0,0.0,0.7350993377483444,0.047619047619047616,0.5496688741721855,0.2804232804232804,0.44370860927152317,0.4973544973544973,0.423841059602649,0.12698412698412698,0.45695364238410596,0.3544973544973545,0.22185430463576158,0.43915343915343913,0.23841059602649006,0.455026455026455,0.31125827814569534,0.43915343915343913,0.5033112582781457,0.6931216931216931,0.23178807947019867,0.8359788359788359,0.08278145695364239,0.9470899470899471,0.0,0.6878306878306878,0.5993377483443708,0.91005291005291,0.4503311258278146,0.8095238095238095,0.5033112582781457,0.7142857142857143,0.5761589403973509,0.9047619047619048,0.7384105960264901,1.0,0.6390728476821192,0.9312169312169312,0.6821192052980133,0.8677248677248677,0.7317880794701986,0.11057692307692307,1.0,0.0,0.7365591397849462,0.028846153846153848,0.5940860215053764,0.24519230769230768,0.5080645161290323,0.49038461538461536,0.5080645161290323,0.07692307692307693,0.46236559139784944,0.3076923076923077,0.25,0.39903846153846156,0.3010752688172043,0.375,0.3763440860215054,0.3605769230769231,0.48655913978494625,0.6826923076923077,0.21774193548387097,0.8798076923076923,0.08064516129032258,1.0,0.0,0.6201923076923077,0.5672043010752689,0.8125,0.5080645161290323,0.7403846153846154,0.5591397849462365,0.6346153846153846,0.6155913978494624,0.8221153846153846,0.6908602150537635,0.8846153846153846,0.6532258064516129,0.8269230769230769,0.7016129032258065,0.7451923076923077,0.7553763440860215
TwoHandGesture,0.2,1.0,0.0,0.7422360248447205,0.055,0.5714285714285714,0.285,0.45962732919254656,0.5,0.453416149068323,0.115,0.4720496894409938,0.36,0.2422360248447205,0.425,0.2701863354037267,0.405,0.34782608695652173,0.425,0.515527950310559,0.7,0.2515527950310559,0.875,0.09316770186335403,1.0,0.0,0.675,0.6086956521739131,0.865,0.4968944099378882,0.78,0.5527950310559007,0.695,0.6149068322981367,0.89,0.7453416149068323,0.96,0.6863354037267081,0.89,0.7360248447204969,0.815,0.7857142857142857,0.10426540284360189,1.0,0.0,0.7386666666666667,0.03317535545023697,0.5946666666666667,0.2559241706161137,0.512,0.4928909952606635,0.512,0.07109004739336493,0.456,0.3033175355450237,0.25333333333333335,0.3886255924170616,0.30666666666666664,0.36018957345971564,0.384,0.35545023696682465,0.4826666666666667,0.6824644549763034,0.22133333333333333,0.8767772511848341,0.08266666666666667,1.0,0.0,0.6113744075829384,0.5653333333333334,0.8009478672985783,0.5093333333333333,0.7251184834123223,0.5653333333333334,0.6208530805687204,0.624,0.8104265402843602,0.696,0.8815165876777251,0.656,0.8199052132701422,0.7066666666666667,0.7393364928909952,0.7626666666666667
TwoHandGesture,0.2760416666666667,1.0,0.0,0.7417218543046358,0.026041666666666668,0.5099337748344371,0.2708333333333333,0.3509933774834437,0.5416666666666666,0.3741721854304636,0.14583333333333334,0.46688741721854304,0.3177083333333333,0.23509933774834438,0.4010416666666667,0.25496688741721857,0.4270833333333333,0.3211920529801324,0.4479166666666667,0.5099337748344371,0.6875,0.24172185430463577,0.828125,0.09271523178807947,0.9270833333333334,0.0,0.7135416666666666,0.5993377483443708,0.8645833333333334,0.4304635761589404,0.78125,0.4867549668874172,0.703125,0.5662251655629139,0.9479166666666666,0.7317880794701986,1.0,0.6192052980132451,0.921875,0.6622516556291391,0.8541666666666666,0.7251655629139073,0.13366336633663367,1.0,0.0,0.7479892761394102,0.039603960396039604,0.5924932975871313,0.2623762376237624,0.4959785522788204,0.5247524752475248,0.4906166219839142,0.0891089108910891,0.46380697050938335,0.32673267326732675,0.257372654155496,0.4207920792079208,0.2949061662198391,0.39603960396039606,0.35924932975871315,0.3712871287128713,0.4906166219839142,0.693069306930693,0.2225201072386059,0.8811881188118812,0.08579088471849866,1.0,0.0,0.6485148514851485,0.5683646112600537,0.8514851485148515,0.5013404825737265,0.7871287128712872,0.5522788203753352,0.6881188118811881,0.613941018766756,0.8564356435643564,0.6863270777479893,0.9306930693069307,0.6541554959785523,0.8712871287128713,0.6970509383378016,0.7970297029702971,0.7560321715817694
TwoHandGesture,0.19796954314720813,1.0,0.0,0.7441176470588236,0.025380710659898477,0.5852941176470589,0.25888324873096447,0.4764705882352941,0.49238578680203043,0.4764705882352941,0.08629441624365482,0.47352941176470587,0.36548223350253806,0.25,0.45685279187817257,0.27647058823529413,0.43147208121827413,0.3558823529411765,0.4213197969543147,0.5088235294117647,0.7106598984771574,0.25588235294117645,0.8883248730964467,0.09705882352941177,1.0,0.0,0.6852791878172588,0.5882352941176471,0.8781725888324873,0.47058823529411764,0.8121827411167513,0.5147058823529411,0.7208121827411168,0.5676470588235294,0.9035532994923858,0.7176470588235294,0.9898477157360406,0.6323529411764706,0.949238578680203,0.6764705882352942,0.8781725888324873,0.7235294117647059,0.12745098039215685,1.0,0.0,0.7446236559139785,0.03431372549019608,0.5887096774193549,0.2647058823529412,0.4946236559139785,0.5147058823529411,0.49193548387096775,0.06862745098039216,0.46236559139784944,0.3480392156862745,0.24731182795698925,0.4411764705882353,0.3010752688172043,0.4068627450980392,0.3844086021505376,0.36764705882352944,0.49731182795698925,0.6911764705882353,0.23118279569892472,0.8823529411764706,0.0913978494623656,1.0,0.0,0.6470588235294118,0.5779569892473119,0.8333333333333334,0.5026881720430108,0.7745098039215687,0.553763440860215,0.6666666666666666,0.6129032258064516,0.8578431372549019,0.696236559139785,0.9264705882352942,0.6505376344086021,0.8676470588235294,0.6908602150537635,0.7990196078431373,0.7473118279569892
Hello,0.7330595482546202,1.0,0.49691991786447637,0.9461400359066428,0.29568788501026694,0.8366247755834829,0.1457905544147844,0.7342908438061041,0.0,0.6714542190305206,0.39630390143737165,0.526032315978456,0.3059548254620123,0.3357271095152603,0.25256673511293637,0.21364452423698385,0.2135523613963039,0.10412926391382406,0.5379876796714579,0.48114901256732495,0.5010266940451745,0.26032315978456017,0.4784394250513347,0.118491921005386,0.4620123203285421,0.0,0.6776180698151951,0.4955116696588869,0.7084188911704312,0.2800718132854578,0.7166324435318275,0.1436265709156194,0.7166324435318275,0.025134649910233394,0.813141683778234,0.5583482944344704,0.9075975359342916,0.4111310592459605,0.9609856262833676,0.2998204667863555,1.0,0.19569120287253142,0,0,0,0,0,0,0,0,0,0,0,0,0,0,0,0,0,0,0,0,0,0,0,0,0,0,0,0,0,0,0,0,0,0,0,0,0,0,0,0,0,0
Hello,0.7200811359026369,1.0,0.486815415821501,0.9427549194991055,0.29006085192697767,0.8354203935599285,0.13995943204868155,0.738819320214669,0.0,0.667262969588551,0.3894523326572008,0.5330948121645797,0.3002028397565923,0.3434704830053667,0.2413793103448276,0.22003577817531306,0.19675456389452334,0.1073345259391771,0.5294117647058824,0.4865831842576029,0.4969574036511156,0.26654740608228983,0.4726166328600406,0.12343470483005367,0.45030425963488846,0.0,0.6693711967545639,0.4991055456171735,0.6997971602434077,0.2826475849731664,0.7119675456389453,0.1449016100178891,0.716024340770791,0.02146690518783542,0.8032454361054767,0.5617173524150268,0.896551724137931,0.41144901610017887,0.9533468559837728,0.3005366726296959,1.0,0.1967799642218247,0,0,0,0,0,0,0,0,0,0,0,0,0,0,0,0,0,0,0,0,0,0,0,0,0,0,0,0,0,0,0,0,0,0,0,0,0,0,0,0,0,0
Hello,0.6907630522088354,1.0,0.463855421686747,0.9365079365079365,0.2751004016064257,0.8271604938271605,0.13253012048192772,0.7301587301587301,0.0,0.6631393298059964,0.3755020080321285,0.5291005291005291,0.29116465863453816,0.3386243386243386,0.23493975903614459,0.21516754850088182,0.19678714859437751,0.10582010582010581,0.5160642570281124,0.48500881834215165,0.4939759036144578,0.26631393298059963,0.4779116465863454,0.12169312169312169,0.46586345381526106,0.0,0.6526104417670683,0.5008818342151675,0.6947791164658634,0.2892416225749559,0.714859437751004,0.14991181657848324,0.7269076305220884,0.026455026455026454,0.7791164658634538,0.564373897707231,0.8895582329317269,0.42504409171075835,0.9518072289156626,0.31922398589065254,1.0,0.21869488536155202,0,0,0,0,0,0,0,0,0,0,0,0,0,0,0,0,0,0,0,0,0,0,0,0,0,0,0,0,0,0,0,0,0,0,0,0,0,0,0,0,0,0
Hello,0.6836935166994106,1.0,0.45579567779960706,0.9440559440559441,0.2691552062868369,0.8391608391608392,0.13163064833005894,0.7412587412587412,0.0,0.6643356643356644,0.3713163064833006,0.5384615384615384,0.2907662082514735,0.3409090909090909,0.23772102161100198,0.21153846153846154,0.19842829076620824,0.10139860139860139,0.5127701375245579,0.4965034965034965,0.48330058939096265,0.2744755244755245,0.4636542239685658,0.12762237762237763,0.444007858546169,0.0,0.6522593320235757,0.5122377622377622,0.6836935166994106,0.3006993006993007,0.7013752455795678,0.16083916083916083,0.7092337917485265,0.033216783216783216,0.787819253438114,0.5786713286713286,0.8919449901768173,0.4370629370629371,0.9528487229862476,0.3339160839160839,1.0,0.23426573426573427,0,0,0,0,0,0,0,0,0,0,0,0,0,0,0,0,0,0,0,0,0,0,0,0,0,0,0,0,0,0,0,0,0,0,0,0,0,0,0,0,0,0
Hello,0.633147113594041,1.0,0.4264432029795158,0.9416809605488851,0.25512104283054005,0.8319039451114922,0.1266294227188082,0.7307032590051458,0.0,0.6569468267581475,0.3575418994413408,0.5351629502572899,0.297951582867784,0.33962264150943394,0.2532588454376164,0.21783876500857632,0.21973929236499068,0.11149228130360206,0.5009310986964618,0.5008576329331046,0.4897579143389199,0.27787307032590053,0.48417132216014896,0.12864493996569468,0.478584729981378,0.0,0.638733705772812,0.5265866209262435,0.6834264432029795,0.32246998284734135,0.7132216014897579,0.18867924528301888,0.7318435754189944,0.0686106346483705,0.770949720670391,0.6003430531732419,0.8845437616387337,0.4631217838765009,0.9497206703910615,0.3687821612349914,1.0,0.2830188679245283,0,0,0,0,0,0,0,0,0,0,0,0,0,0,0,0,0,0,0,0,0,0,0,0,0,0,0,0,0,0,0,0,0,0,0,0,0,0,0,0,0,0
Hello,0.6055846422338569,1.0,0.4048865619546248,0.9345955249569707,0.2338568935427574,0.8089500860585198,0.11518324607329843,0.693631669535284,0.0,0.6196213425129088,0.3717277486910995,0.5180722891566265,0.32809773123909247,0.31669535283993117,0.29668411867364747,0.1927710843373494,0.27225130890052357,0.08605851979345955,0.506108202443281,0.49225473321858865,0.5078534031413613,0.270223752151463,0.506108202443281,0.12392426850258176,0.5026178010471204,0.0,0.6335078534031413,0.5249569707401033,0.68760907504363,0.3304647160068847,0.7172774869109948,0.20309810671256454,0.7382198952879581,0.08605851979345955,0.7556719022687609,0.6041308089500861,0.8760907504363001,0.4905335628227194,0.944153577661431,0.40963855421686746,1.0,0.3304647160068847,0,0,0,0,0,0,0,0,0,0,0,0,0,0,0,0,0,0,0,0,0,0,0,0,0,0,0,0,0,0,0,0,0,0,0,0,0,0,0,0,0,0
Hello,0.5733137829912024,1.0,0.3973607038123167,0.9434850863422292,0.2404692082111437,0.8351648351648352,0.12023460410557185,0.7519623233908949,0.0,0.7142857142857143,0.36070381231671556,0.533751962323391,0.28885630498533726,0.34065934065934067,0.2536656891495601,0.2150706436420722,0.2287390029325513,0.10518053375196232,0.4970674486803519,0.5054945054945055,0.49266862170087977,0.27629513343799056,0.49560117302052786,0.1271585557299843,0.5,0.0,0.624633431085044,0.5416012558869702,0.6832844574780058,0.3469387755102041,0.7228739002932552,0.2150706436420722,0.7521994134897361,0.09262166405023547,0.7390029325513197,0.6263736263736264,0.8607038123167156,0.5039246467817896,0.9369501466275659,0.4207221350078493,1.0,0.33437990580847726,0,0,0,0,0,0,0,0,0,0,0,0,0,0,0,0,0,0,0,0,0,0,0,0,0,0,0,0,0,0,0,0,0,0,0,0,0,0,0,0,0,0
Hello,0.5832127351664255,1.0,0.4037626628075253,0.9411764705882353,0.2460202604920405,0.8328173374613003,0.12301013024602026,0.7445820433436533,0.0,0.7012383900928792,0.36468885672937773,0.5371517027863777,0.29667149059334297,0.34055727554179566,0.2575976845151954,0.21671826625386997,0.23154848046309695,0.10371517027863777,0.5007235890014472,0.5077399380804953,0.492040520984081,0.28328173374613,0.487698986975398,0.13312693498452013,0.48914616497829233,0.0,0.6251808972503617,0.541795665634675,0.6801736613603473,0.3544891640866873,0.7163531114327062,0.22291021671826625,0.743849493487699,0.09597523219814241,0.7395079594790159,0.6207430340557275,0.8581765557163531,0.5,0.934876989869754,0.413312693498452,1.0,0.32507739938080493,0,0,0,0,0,0,0,0,0,0,0,0,0,0,0,0,0,0,0,0,0,0,0,0,0,0,0,0,0,0,0,0,0,0,0,0,0,0,0,0,0,0
Hello,0.6247960848287113,1.0,0.43066884176182707,0.9279279279279279,0.265905383360522,0.8033033033033034,0.13539967373572595,0.6996996996996997,0.0,0.6336336336336337,0.401305057096248,0.5165165165165165,0.3605220228384992,0.3123123123123123,0.3376835236541599,0.1831831831831832,0.33278955954323003,0.06756756756756757,0.5383360522022839,0.5015015015015015,0.5399673735725938,0.27627627627627627,0.5546492659053833,0.12912912912912913,0.5725938009787929,0.0,0.66721044045677,0.5330330330330331,0.7014681892332789,0.33783783783783783,0.7210440456769984,0.2132132132132132,0.7357259380097879,0.0960960960960961,0.7928221859706363,0.6066066066066066,0.8939641109298532,0.484984984984985,0.9543230016313213,0.3918918918918919,1.0,0.2972972972972973,0,0,0,0,0,0,0,0,0,0,0,0,0,0,0,0,0,0,0,0,0,0,0,0,0,0,0,0,0,0,0,0,0,0,0,0,0,0,0,0,0,0
Hello,0.6692913385826772,1.0,0.43503937007874016,0.9227202472952086,0.2578740157480315,0.7758887171561051,0.13188976377952755,0.6506955177743431,0.0,0.5625965996908809,0.4448818897637795,0.5038639876352395,0.4507874015748031,0.30139103554868624,0.468503937007874,0.17156105100463678,0.49803149606299213,0.05873261205564142,0.5826771653543307,0.49613601236476046,0.6023622047244095,0.26738794435857804,0.6240157480314961,0.125193199381762,0.6437007874015748,0.0,0.7106299212598425,0.5316846986089645,0.7440944881889764,0.31993817619783615,0.7637795275590551,0.1901081916537867,0.7755905511811023,0.0695517774343122,0.8405511811023622,0.6043276661514683,0.9192913385826772,0.4559505409582689,0.968503937007874,0.35394126738794435,1.0,0.25656877897990726,0,0,0,0,0,0,0,0,0,0,0,0,0,0,0,0,0,0,0,0,0,0,0,0,0,0,0,0,0,0,0,0,0,0,0,0,0,0,0,0,0,0
Hello,0.8280542986425339,1.0,0.36199095022624433,0.8863636363636364,0.09502262443438914,0.7062937062937062,0.03167420814479638,0.541958041958042,0.0,0.39335664335664333,0.2669683257918552,0.486013986013986,0.248868778280543,0.291958041958042,0.27601809954751133,0.17657342657342656,0.3438914027149321,0.06643356643356643,0.5067873303167421,0.47202797202797203,0.48868778280542985,0.2517482517482518,0.5203619909502263,0.11888111888111888,0.579185520361991,0.0,0.7420814479638009,0.4982517482517482,0.7330316742081447,0.28846153846153844,0.746606334841629,0.15734265734265734,0.7737556561085973,0.04195804195804196,1.0,0.5559440559440559,0.995475113122172,0.3951048951048951,0.9819004524886877,0.2867132867132867,0.9638009049773756,0.18706293706293706,0,0,0,0,0,0,0,0,0,0,0,0,0,0,0,0,0,0,0,0,0,0,0,0,0,0,0,0,0,0,0,0,0,0,0,0,0,0,0,0,0,0
Hello,0.8202764976958525,1.0,0.3548387096774194,0.8915441176470589,0.0967741935483871,0.7095588235294118,0.03225806451612903,0.5551470588235294,0.0,0.41360294117647056,0.29493087557603687,0.47794117647058826,0.271889400921659,0.28860294117647056,0.2903225806451613,0.17279411764705882,0.3456221198156682,0.0661764705882353,0.511520737327189,0.46691176470588236,0.5023041474654378,0.25,0.5299539170506913,0.11948529411764706,0.5852534562211982,0.0,0.7327188940092166,0.4944852941176471,0.728110599078341,0.28308823529411764,0.7419354838709677,0.15441176470588236,0.7741935483870968,0.03860294117647059,0.9815668202764977,0.5551470588235294,1.0,0.3952205882352941,0.9953917050691244,0.2849264705882353,0.9815668202764977,0.18382352941176472,0,0,0,0,0,0,0,0,0,0,0,0,0,0,0,0,0,0,0,0,0,0,0,0,0,0,0,0,0,0,0,0,0,0,0,0,0,0,0,0,0,0
Hello,0.7023255813953488,1.0,0.2837209302325581,0.8853118712273642,0.06976744186046512,0.704225352112676,0.018604651162790697,0.5492957746478874,0.0,0.4124748490945674,0.25116279069767444,0.4768611670020121,0.23255813953488372,0.29577464788732394,0.26046511627906976,0.1851106639839034,0.3209302325581395,0.08249496981891348,0.46511627906976744,0.4647887323943662,0.4744186046511628,0.2515090543259557,0.5116279069767442,0.11871227364185111,0.5674418604651162,0.0,0.6697674418604651,0.4909456740442656,0.7023255813953488,0.289738430583501,0.7302325581395349,0.16096579476861167,0.7627906976744186,0.0482897384305835,0.8837209302325582,0.5513078470824949,0.9534883720930233,0.3963782696177062,0.986046511627907,0.2937625754527163,1.0,0.2012072434607646,0,0,0,0,0,0,0,0,0,0,0,0,0,0,0,0,0,0,0,0,0,0,0,0,0,0,0,0,0,0,0,0,0,0,0,0,0,0,0,0,0,0
Hello,0.7038834951456311,1.0,0.2669902912621359,0.8891213389121339,0.043689320388349516,0.7050209205020921,0.014563106796116505,0.5418410041841004,0.0,0.401673640167364,0.21359223300970873,0.4707112970711297,0.19902912621359223,0.28870292887029286,0.22815533980582525,0.17782426778242677,0.28640776699029125,0.07531380753138076,0.4320388349514563,0.4581589958158996,0.4320388349514563,0.24686192468619247,0.470873786407767,0.11715481171548117,0.5242718446601942,0.0,0.6407766990291263,0.4874476987447699,0.6699029126213593,0.28451882845188287,0.7087378640776699,0.1589958158995816,0.7524271844660194,0.04811715481171548,0.8689320388349514,0.5502092050209205,0.9271844660194175,0.39330543933054396,0.9660194174757282,0.2928870292887029,1.0,0.19874476987447698,0,0,0,0,0,0,0,0,0,0,0,0,0,0,0,0,0,0,0,0,0,0,0,0,0,0,0,0,0,0,0,0,0,0,0,0,0,0,0,0,0,0
Hello,0.6774193548387096,1.0,0.2764976958525346,0.8964059196617337,0.07373271889400922,0.7167019027484144,0.041474654377880185,0.5581395348837209,0.0,0.42283298097251587,0.2534562211981567,0.48414376321353064,0.2626728110599078,0.30021141649048627,0.29493087557603687,0.18816067653276955,0.35023041474654376,0.08456659619450317,0.4608294930875576,0.46723044397463004,0.48847926267281105,0.2536997885835095,0.5207373271889401,0.11839323467230443,0.5714285714285714,0.0,0.6589861751152074,0.492600422832981,0.7050691244239631,0.2938689217758985,0.7419354838709677,0.16701902748414377,0.783410138248848,0.05708245243128964,0.8525345622119815,0.5539112050739958,0.9262672811059908,0.40380549682875266,0.967741935483871,0.3044397463002114,1.0,0.21141649048625794,0,0,0,0,0,0,0,0,0,0,0,0,0,0,0,0,0,0,0,0,0,0,0,0,0,0,0,0,0,0,0,0,0,0,0,0,0,0,0,0,0,0
Hello,0.66,1.0,0.3566666666666667,0.9121756487025948,0.17333333333333334,0.7445109780439122,0.10666666666666667,0.590818363273453,0.0,0.46706586826347307,0.3566666666666667,0.500998003992016,0.36,0.30538922155688625,0.3933333333333333,0.18363273453093812,0.44,0.07784431137724551,0.5433333333333333,0.48902195608782434,0.57,0.2654690618762475,0.5966666666666667,0.11976047904191617,0.63,0.0,0.7166666666666667,0.5229540918163673,0.76,0.31137724550898205,0.7866666666666666,0.17964071856287425,0.81,0.0658682634730539,0.8866666666666667,0.590818363273453,0.9466666666666667,0.42714570858283435,0.98,0.3193612774451098,1.0,0.2215568862275449,0,0,0,0,0,0,0,0,0,0,0,0,0,0,0,0,0,0,0,0,0,0,0,0,0,0,0,0,0,0,0,0,0,0,0,0,0,0,0,0,0,0
Hello,0.570631970260223,1.0,0.36059479553903345,0.9367311072056239,0.21189591078066913,0.7768014059753954,0.11524163568773234,0.6397188049209139,0.0,0.5606326889279437,0.3513011152416357,0.5184534270650264,0.3104089219330855,0.3216168717047452,0.2899628252788104,0.18980667838312829,0.2825278810408922,0.07557117750439367,0.4944237918215613,0.4956063268892794,0.5037174721189591,0.27768014059753954,0.5111524163568774,0.1265377855887522,0.516728624535316,0.0,0.6263940520446096,0.5325131810193322,0.6784386617100372,0.3286467486818981,0.70817843866171,0.18980667838312829,0.7304832713754646,0.06678383128295255,0.7472118959107806,0.6133567662565905,0.8643122676579925,0.4797891036906854,0.9405204460966543,0.3866432337434095,1.0,0.29876977152899825,0,0,0,0,0,0,0,0,0,0,0,0,0,0,0,0,0,0,0,0,0,0,0,0,0,0,0,0,0,0,0,0,0,0,0,0,0,0,0,0,0,0
Hello,0.5850556438791733,1.0,0.3847376788553259,0.9380952380952381,0.2273449920508744,0.7984126984126985,0.11446740858505565,0.6841269841269841,0.0,0.6126984126984127,0.35294117647058826,0.5253968253968254,0.287758346581876,0.3380952380952381,0.2480127186009539,0.21428571428571427,0.22257551669316375,0.10634920634920635,0.4944356120826709,0.4984126984126984,0.492845786963434,0.2777777777777778,0.4944356120826709,0.12857142857142856,0.49761526232114467,0.0,0.6248012718600954,0.5317460317460317,0.6724960254372019,0.32857142857142857,0.7042925278219396,0.1873015873015873,0.7265500794912559,0.05873015873015873,0.7440381558028617,0.6111111111111112,0.8648648648648649,0.48253968253968255,0.9411764705882353,0.3888888888888889,1.0,0.2968253968253968,0,0,0,0,0,0,0,0,0,0,0,0,0,0,0,0,0,0,0,0,0,0,0,0,0,0,0,0,0,0,0,0,0,0,0,0,0,0,0,0,0,0
Hello,0.5447530864197531,1.0,0.36574074074074076,0.9216589861751152,0.2175925925925926,0.7711213517665131,0.11419753086419752,0.6451612903225806,0.0,0.5698924731182796,0.3472222222222222,0.5145929339477726,0.2932098765432099,0.3271889400921659,0.25617283950617287,0.21351766513056836,0.22685185185185186,0.10752688172043011,0.48148148148148145,0.4976958525345622,0.5015432098765432,0.2780337941628264,0.5138888888888888,0.12903225806451613,0.5277777777777778,0.0,0.6033950617283951,0.5391705069124424,0.6697530864197531,0.3425499231950845,0.7114197530864198,0.21351766513056836,0.7453703703703703,0.09216589861751152,0.7129629629629629,0.6236559139784946,0.8425925925925926,0.5069124423963134,0.9290123456790124,0.423963133640553,1.0,0.34101382488479265,0,0,0,0,0,0,0,0,0,0,0,0,0,0,0,0,0,0,0,0,0,0,0,0,0,0,0,0,0,0,0,0,0,0,0,0,0,0,0,0,0,0
Hello,0.5204262877442274,1.0,0.3339253996447602,0.9137645107794361,0.19005328596802842,0.7529021558872305,0.10124333925399645,0.615257048092869,0.0,0.5174129353233831,0.33747779751332146,0.5008291873963516,0.2966252220248668,0.3150912106135987,0.261101243339254,0.20398009950248755,0.23268206039076378,0.09950248756218906,0.47602131438721135,0.4859038142620232,0.5097690941385435,0.2669983416252073,0.522202486678508,0.12437810945273632,0.5293072824156305,0.0,0.5968028419182948,0.5290215588723052,0.6785079928952042,0.33665008291873966,0.7264653641207816,0.20729684908789386,0.7637655417406749,0.08623548922056384,0.6998223801065719,0.6135986733001658,0.8348134991119005,0.4975124378109453,0.9253996447602132,0.41127694859038144,1.0,0.32669983416252074,0,0,0,0,0,0,0,0,0,0,0,0,0,0,0,0,0,0,0,0,0,0,0,0,0,0,0,0,0,0,0,0,0,0,0,0,0,0,0,0,0,0
Hello,0.5924855491329479,1.0,0.3468208092485549,0.8766603415559773,0.17630057803468208,0.713472485768501,0.07514450867052024,0.5768500948766604,0.0,0.4497153700189753,0.41329479768786126,0.476280834914611,0.3815028901734104,0.301707779886148,0.3179190751445087,0.20872865275142316,0.24855491329479767,0.1347248576850095,0.5838150289017341,0.4629981024667932,0.6329479768786127,0.2504743833017078,0.6184971098265896,0.11195445920303605,0.5722543352601156,0.0,0.7312138728323699,0.49335863377609107,0.8236994219653179,0.30740037950664134,0.7947976878612717,0.1859582542694497,0.7196531791907514,0.0872865275142315,0.8728323699421965,0.5692599620493358,1.0,0.46110056925996207,0.9884393063583815,0.38330170777988615,0.9132947976878613,0.3187855787476281,0,0,0,0,0,0,0,0,0,0,0,0,0,0,0,0,0,0,0,0,0,0,0,0,0,0,0,0,0,0,0,0,0,0,0,0,0,0,0,0,0,0
Hello,0.5740740740740741,1.0,0.3117283950617284,0.8633405639913232,0.1388888888888889,0.6702819956616052,0.05246913580246913,0.5119305856832972,0.0,0.3665943600867679,0.3888888888888889,0.43383947939262474,0.3611111111111111,0.24945770065075923,0.30246913580246915,0.16268980477223427,0.2345679012345679,0.11279826464208242,0.5679012345679012,0.4164859002169197,0.6358024691358025,0.2039045553145336,0.595679012345679,0.07158351409978309,0.5185185185185185,0.0,0.7283950617283951,0.44468546637744033,0.8240740740740741,0.25162689804772237,0.7716049382716049,0.13665943600867678,0.6697530864197531,0.07809110629067245,0.8765432098765432,0.5184381778741866,1.0,0.3969631236442516,0.9567901234567902,0.31670281995661603,0.8487654320987654,0.27331887201735355,0,0,0,0,0,0,0,0,0,0,0,0,0,0,0,0,0,0,0,0,0,0,0,0,0,0,0,0,0,0,0,0,0,0,0,0,0,0,0,0,0,0
Hello,0.54,1.0,0.27,0.8512195121951219,0.11,0.6536585365853659,0.03,0.47560975609756095,0.0,0.3048780487804878,0.38,0.4,0.35,0.2097560975609756,0.2733333333333333,0.13414634146341464,0.18333333333333332,0.11219512195121951,0.5533333333333333,0.3804878048780488,0.6,0.15609756097560976,0.5266666666666666,0.03902439024390244,0.4066666666666667,0.0,0.7133333333333334,0.4121951219512195,0.8066666666666666,0.20243902439024392,0.7366666666666667,0.08536585365853659,0.5966666666666667,0.04878048780487805,0.8666666666666667,0.4878048780487805,1.0,0.36097560975609755,0.9566666666666667,0.28292682926829266,0.83,0.25609756097560976,0,0,0,0,0,0,0,0,0,0,0,0,0,0,0,0,0,0,0,0,0,0,0,0,0,0,0,0,0,0,0,0,0,0,0,0,0,0,0,0,0,0
Hello,0.5136986301369864,1.0,0.2465753424657534,0.8582089552238806,0.0958904109589041,0.6492537313432836,0.03767123287671233,0.47512437810945274,0.0,0.31094527363184077,0.3904109589041096,0.39800995024875624,0.363013698630137,0.21144278606965175,0.2808219178082192,0.13930348258706468,0.17465753424657535,0.12686567164179105,0.5582191780821918,0.38308457711442784,0.6232876712328768,0.15671641791044777,0.547945205479452,0.03482587064676617,0.4178082191780822,0.0,0.7191780821917808,0.4129353233830846,0.8287671232876712,0.20149253731343283,0.7465753424657534,0.08208955223880597,0.5924657534246576,0.05223880597014925,0.8664383561643836,0.48258706467661694,1.0,0.35074626865671643,0.9486301369863014,0.26865671641791045,0.8116438356164384,0.24378109452736318,0,0,0,0,0,0,0,0,0,0,0,0,0,0,0,0,0,0,0,0,0,0,0,0,0,0,0,0,0,0,0,0,0,0,0,0,0,0,0,0,0,0
Hello,0.5268456375838926,1.0,0.25838926174496646,0.8777506112469438,0.10067114093959731,0.687041564792176,0.03691275167785235,0.5207823960880196,0.0,0.36674816625916873,0.3959731543624161,0.43276283618581907,0.36577181208053694,0.24205378973105135,0.29194630872483224,0.15647921760391198,0.19798657718120805,0.11735941320293398,0.5738255033557047,0.4180929095354523,0.6140939597315436,0.20293398533007334,0.5570469798657718,0.07334963325183375,0.45302013422818793,0.0,0.7315436241610739,0.44987775061124696,0.8221476510067114,0.25183374083129584,0.785234899328859,0.11735941320293398,0.6845637583892618,0.02689486552567237,0.87248322147651,0.5207823960880196,1.0,0.3863080684596577,0.9899328859060402,0.29095354523227385,0.9026845637583892,0.2200488997555012,0,0,0,0,0,0,0,0,0,0,0,0,0,0,0,0,0,0,0,0,0,0,0,0,0,0,0,0,0,0,0,0,0,0,0,0,0,0,0,0,0,0
Hello,0.5432432432432432,1.0,0.2972972972972973,0.907563025210084,0.14054054054054055,0.7352941176470589,0.06486486486486487,0.5903361344537815,0.0,0.4642857142857143,0.3837837837837838,0.5,0.3324324324324324,0.31932773109243695,0.2756756756756757,0.21008403361344538,0.21891891891891893,0.11974789915966387,0.5513513513513514,0.4831932773109244,0.5648648648648649,0.2689075630252101,0.5486486486486486,0.12394957983193278,0.5216216216216216,0.0,0.6972972972972973,0.5168067226890757,0.7621621621621621,0.31932773109243695,0.7783783783783784,0.17857142857142858,0.7783783783783784,0.052521008403361345,0.8216216216216217,0.5882352941176471,0.927027027027027,0.45168067226890757,0.9756756756756757,0.34243697478991597,1.0,0.23949579831932774,0,0,0,0,0,0,0,0,0,0,0,0,0,0,0,0,0,0,0,0,0,0,0,0,0,0,0,0,0,0,0,0,0,0,0,0,0,0,0,0,0,0
Hello,0.5392156862745098,1.0,0.3333333333333333,0.9399624765478424,0.19411764705882353,0.7842401500938087,0.10588235294117647,0.6416510318949343,0.0,0.5478424015009381,0.37058823529411766,0.5159474671669794,0.3392156862745098,0.324577861163227,0.3137254901960784,0.19887429643527205,0.29215686274509806,0.08818011257035648,0.5117647058823529,0.50093808630394,0.5352941176470588,0.28142589118198874,0.5470588235294118,0.13133208255159476,0.5549019607843138,0.0,0.6372549019607843,0.5422138836772983,0.707843137254902,0.3433395872420263,0.7470588235294118,0.20637898686679174,0.7745098039215687,0.08067542213883677,0.7470588235294118,0.624765478424015,0.8686274509803922,0.4915572232645403,0.9431372549019608,0.3977485928705441,1.0,0.3058161350844278,0,0,0,0,0,0,0,0,0,0,0,0,0,0,0,0,0,0,0,0,0,0,0,0,0,0,0,0,0,0,0,0,0,0,0,0,0,0,0,0,0,0
Hello,0.5509181969949917,1.0,0.3572621035058431,0.9413735343383585,0.21535893155258765,0.7906197654941374,0.11519198664440734,0.6549413735343383,0.0,0.5695142378559463,0.3622704507512521,0.5142378559463987,0.32554257095158595,0.3149078726968174,0.3021702838063439,0.18425460636515914,0.2904841402337229,0.06700167504187604,0.5058430717863105,0.49413735343383586,0.5242070116861436,0.2730318257956449,0.5375626043405676,0.1273031825795645,0.5492487479131887,0.0,0.6343906510851419,0.5376884422110553,0.7028380634390651,0.34003350083752093,0.7429048414023373,0.21105527638190955,0.7712854757929883,0.09380234505862646,0.7479131886477463,0.6247906197654941,0.8697829716193656,0.49246231155778897,0.9432387312186978,0.40033500837520936,1.0,0.3098827470686767,0,0,0,0,0,0,0,0,0,0,0,0,0,0,0,0,0,0,0,0,0,0,0,0,0,0,0,0,0,0,0,0,0,0,0,0,0,0,0,0,0,0
Hello,0.5603576751117735,1.0,0.368107302533532,0.9359756097560976,0.22056631892697467,0.7865853658536586,0.11177347242921014,0.6615853658536586,0.0,0.5792682926829268,0.3710879284649776,0.5045731707317073,0.33383010432190763,0.30640243902439024,0.30998509687034276,0.1798780487804878,0.2965722801788376,0.0701219512195122,0.5081967213114754,0.48628048780487804,0.5216095380029806,0.2682926829268293,0.5350223546944859,0.12347560975609756,0.5499254843517138,0.0,0.6333830104321908,0.5274390243902439,0.6929955290611028,0.3353658536585366,0.7302533532041728,0.20884146341463414,0.7600596125186289,0.0899390243902439,0.7451564828614009,0.614329268292683,0.8658718330849479,0.4954268292682927,0.940387481371088,0.40853658536585363,1.0,0.3201219512195122,0,0,0,0,0,0,0,0,0,0,0,0,0,0,0,0,0,0,0,0,0,0,0,0,0,0,0,0,0,0,0,0,0,0,0,0,0,0,0,0,0,0
Hello,0.5669515669515669,1.0,0.3732193732193732,0.927536231884058,0.22507122507122507,0.782608695652174,0.1168091168091168,0.6579710144927536,0.0,0.5768115942028985,0.37464387464387466,0.4985507246376812,0.3319088319088319,0.2985507246376812,0.30484330484330485,0.17681159420289855,0.2905982905982906,0.06811594202898551,0.5185185185185185,0.4855072463768116,0.5256410256410257,0.263768115942029,0.5356125356125356,0.12173913043478261,0.5441595441595442,0.0,0.6481481481481481,0.527536231884058,0.7037037037037037,0.336231884057971,0.7407407407407407,0.21014492753623187,0.7678062678062678,0.09130434782608696,0.7649572649572649,0.6101449275362318,0.8732193732193733,0.4811594202898551,0.9444444444444444,0.3927536231884058,1.0,0.30289855072463767,0,0,0,0,0,0,0,0,0,0,0,0,0,0,0,0,0,0,0,0,0,0,0,0,0,0,0,0,0,0,0,0,0,0,0,0,0,0,0,0,0,0
Hello,0.5752461322081576,1.0,0.379746835443038,0.9236209335219236,0.22644163150492264,0.7694483734087695,0.11954992967651196,0.6407355021216408,0.0,0.5643564356435643,0.37412095639943743,0.49646393210749645,0.32770745428973275,0.3012729844413013,0.30239099859353025,0.17963224893917965,0.2911392405063291,0.07072135785007072,0.5133614627285513,0.4837340876944837,0.5203938115330521,0.26874115983026875,0.5330520393811533,0.12588401697312587,0.5485232067510548,0.0,0.6385372714486639,0.5261669024045261,0.69901547116737,0.33804809052333806,0.7355836849507735,0.21357850070721357,0.7637130801687764,0.09335219236209336,0.7482419127988749,0.6124469589816125,0.8621659634317862,0.48797736916548795,0.9381153305203939,0.3988684582743989,1.0,0.3041018387553041,0,0,0,0,0,0,0,0,0,0,0,0,0,0,0,0,0,0,0,0,0,0,0,0,0,0,0,0,0,0,0,0,0,0,0,0,0,0,0,0,0,0
Hello,0.4130879345603272,1.0,0.6462167689161554,0.9252032520325203,0.7975460122699386,0.775609756097561,0.8957055214723927,0.6439024390243903,1.0,0.5544715447154471,0.6319018404907976,0.5284552845528455,0.6830265848670757,0.3382113821138211,0.7198364008179959,0.216260162601626,0.7505112474437627,0.10894308943089431,0.4703476482617587,0.5056910569105691,0.46830265848670755,0.27479674796747966,0.47648261758691207,0.12845528455284552,0.4867075664621677,0.0,0.3231083844580777,0.5430894308943089,0.25766871165644173,0.33170731707317075,0.21881390593047034,0.18699186991869918,0.19427402862985685,0.05853658536585366,0.19222903885480572,0.6260162601626016,0.09815950920245399,0.4764227642276423,0.0408997955010225,0.367479674796748,0.0,0.2601626016260163,0,0,0,0,0,0,0,0,0,0,0,0,0,0,0,0,0,0,0,0,0,0,0,0,0,0,0,0,0,0,0,0,0,0,0,0,0,0,0,0,0,0
Hello,0.3086734693877551,1.0,0.6147959183673469,0.9036697247706422,0.7933673469387755,0.7400611620795107,0.8622448979591837,0.5840978593272171,1.0,0.4648318042813456,0.6045918367346939,0.5030581039755352,0.576530612244898,0.3149847094801223,0.5255102040816326,0.18960244648318042,0.4770408163265306,0.0764525993883792,0.4107142857142857,0.5,0.3647959183673469,0.27675840978593275,0.31887755102040816,0.13149847094801223,0.2755102040816326,0.0,0.23469387755102042,0.5428134556574924,0.18877551020408162,0.3333333333333333,0.16071428571428573,0.19418960244648317,0.14540816326530612,0.06422018348623854,0.061224489795918366,0.6192660550458715,0.012755102040816327,0.45718654434250766,0.0,0.3470948012232416,0.0,0.23547400611620795,0,0,0,0,0,0,0,0,0,0,0,0,0,0,0,0,0,0,0,0,0,0,0,0,0,0,0,0,0,0,0,0,0,0,0,0,0,0,0,0,0,0
Hello,0.30625,1.0,0.659375,0.9017160686427457,0.85,0.7379095163806553,0.884375,0.5787831513260531,1.0,0.45553822152886114,0.6625,0.5117004680187207,0.625,0.32605304212168484,0.55625,0.20904836193447737,0.484375,0.1029641185647426,0.44375,0.5070202808112324,0.39375,0.27769110764430577,0.3375,0.1294851794071763,0.2875,0.0,0.24375,0.5475819032761311,0.209375,0.3291731669266771,0.184375,0.18876755070202808,0.16875,0.06396255850234009,0.046875,0.6224648985959438,0.003125,0.46021840873634945,0.0,0.3541341653666147,0.009375,0.25117004680187205,0,0,0,0,0,0,0,0,0,0,0,0,0,0,0,0,0,0,0,0,0,0,0,0,0,0,0,0,0,0,0,0,0,0,0,0,0,0,0,0,0,0
Hello,0.31386861313868614,1.0,0.6313868613138686,0.9465346534653465,0.8284671532846716,0.7584158415841584,0.8832116788321168,0.5841584158415841,1.0,0.4633663366336634,0.6532846715328468,0.5267326732673268,0.635036496350365,0.3287128712871287,0.5948905109489051,0.18811881188118812,0.5401459854014599,0.07326732673267326,0.43795620437956206,0.5108910891089109,0.4051094890510949,0.2851485148514851,0.3686131386861314,0.12871287128712872,0.3284671532846715,0.0,0.24087591240875914,0.5366336633663367,0.20072992700729927,0.3188118811881188,0.18613138686131386,0.17425742574257425,0.17153284671532848,0.05148514851485148,0.040145985401459854,0.601980198019802,0.0,0.4277227722772277,0.0,0.31287128712871287,0.014598540145985401,0.2079207920792079,0.22140221402214022,1.0,0.6162361623616236,0.891500904159132,0.8376383763837638,0.7142857142857143,0.8856088560885609,0.5443037974683544,1.0,0.41229656419529837,0.6715867158671587,0.484629294755877,0.6678966789667896,0.2857142857142857,0.6125461254612546,0.16998191681735986,0.5498154981549815,0.06329113924050633,0.45387453874538747,0.47377938517179025,0.4354243542435424,0.2513562386980108,0.39114391143911437,0.11754068716094032,0.33579335793357934,0.0,0.25092250922509224,0.5045207956600362,0.22878228782287824,0.2965641952983725,0.2066420664206642,0.16998191681735986,0.17712177121771217,0.05605786618444846,0.04428044280442804,0.5714285714285714,0.01107011070110701,0.40867992766726946,0.007380073800738007,0.3074141048824593,0.0,0.20976491862567812
Hello,0.2637795275590551,1.0,0.6259842519685039,0.9135802469135802,0.84251968503937,0.7407407407407407,0.9015748031496063,0.5699588477366255,1.0,0.4403292181069959,0.6811023622047244,0.5,0.6968503937007874,0.3065843621399177,0.6692913385826772,0.18724279835390947,0.6220472440944882,0.0823045267489712,0.4645669291338583,0.48148148148148145,0.468503937007874,0.25925925925925924,0.4448818897637795,0.12139917695473251,0.40551181102362205,0.0,0.2637795275590551,0.5102880658436214,0.2440944881889764,0.30864197530864196,0.23228346456692914,0.17901234567901234,0.2125984251968504,0.059670781893004114,0.05905511811023622,0.5761316872427984,0.023622047244094488,0.4156378600823045,0.015748031496062992,0.31069958847736623,0.0,0.20987654320987653,0,0,0,0,0,0,0,0,0,0,0,0,0,0,0,0,0,0,0,0,0,0,0,0,0,0,0,0,0,0,0,0,0,0,0,0,0,0,0,0,0,0
Hello,0.38636363636363635,1.0,0.6262626262626263,0.9273858921161826,0.803030303030303,0.7676348547717843,0.9040404040404041,0.6224066390041494,1.0,0.5124481327800829,0.6540404040404041,0.5103734439834025,0.7070707070707071,0.3132780082987552,0.7196969696969697,0.1908713692946058,0.7222222222222222,0.08298755186721991,0.494949494949495,0.48132780082987553,0.5202020202020202,0.2572614107883817,0.5277777777777778,0.11825726141078838,0.5252525252525253,0.0,0.3409090909090909,0.5062240663900415,0.3282828282828283,0.2987551867219917,0.3207070707070707,0.16182572614107885,0.31565656565656564,0.04149377593360996,0.19444444444444445,0.5767634854771784,0.10606060606060606,0.42738589211618255,0.047979797979797977,0.3278008298755187,0.0,0.23236514522821577,0,0,0,0,0,0,0,0,0,0,0,0,0,0,0,0,0,0,0,0,0,0,0,0,0,0,0,0,0,0,0,0,0,0,0,0,0,0,0,0,0,0
Hello,0.4411764705882353,1.0,0.6341911764705882,0.935672514619883,0.7904411764705882,0.7933723196881092,0.8970588235294118,0.6783625730994152,1.0,0.6237816764132553,0.6360294117647058,0.5107212475633528,0.7040441176470589,0.31773879142300193,0.7371323529411765,0.19298245614035087,0.7536764705882353,0.08382066276803118,0.4963235294117647,0.48148148148148145,0.5055147058823529,0.253411306042885,0.5110294117647058,0.11306042884990253,0.5073529411764706,0.0,0.3713235294117647,0.5165692007797271,0.3180147058823529,0.30409356725146197,0.2867647058823529,0.1617933723196881,0.26286764705882354,0.04873294346978557,0.2610294117647059,0.6062378167641326,0.14154411764705882,0.4775828460038986,0.0625,0.391812865497076,0.0,0.3079922027290448,0,0,0,0,0,0,0,0,0,0,0,0,0,0,0,0,0,0,0,0,0,0,0,0,0,0,0,0,0,0,0,0,0,0,0,0,0,0,0,0,0,0
Hello,0.4582043343653251,1.0,0.6331269349845201,0.9243986254295533,0.7770897832817337,0.7972508591065293,0.8900928792569659,0.6924398625429553,1.0,0.6391752577319587,0.6269349845201239,0.520618556701031,0.6826625386996904,0.3230240549828179,0.7105263157894737,0.20103092783505155,0.7260061919504643,0.09106529209621993,0.4984520123839009,0.4948453608247423,0.5077399380804953,0.2663230240549828,0.5123839009287926,0.12199312714776632,0.5077399380804953,0.0,0.3761609907120743,0.5326460481099656,0.3281733746130031,0.32646048109965636,0.29721362229102166,0.19243986254295534,0.2708978328173375,0.07903780068728522,0.2631578947368421,0.6237113402061856,0.14551083591331268,0.4948453608247423,0.06501547987616099,0.4106529209621993,0.0,0.3281786941580756,0,0,0,0,0,0,0,0,0,0,0,0,0,0,0,0,0,0,0,0,0,0,0,0,0,0,0,0,0,0,0,0,0,0,0,0,0,0,0,0,0,0
Hello,0.4446043165467626,1.0,0.6172661870503597,0.9255150554675119,0.7654676258992805,0.8019017432646592,0.8848920863309353,0.7036450079239303,1.0,0.6465927099841522,0.6028776978417266,0.5499207606973059,0.6517985611510791,0.3438985736925515,0.6748201438848921,0.21236133122028525,0.6892086330935252,0.0919175911251981,0.46906474820143884,0.5245641838351822,0.4762589928057554,0.27892234548335976,0.48201438848920863,0.12836767036450078,0.48201438848920863,0.0,0.34388489208633094,0.5594294770206022,0.2949640287769784,0.3486529318541997,0.2733812949640288,0.21236133122028525,0.26187050359712233,0.09350237717908082,0.2316546762589928,0.6418383518225039,0.1237410071942446,0.5118858954041204,0.05611510791366906,0.42630744849445323,0.0,0.33914421553090335,0,0,0,0,0,0,0,0,0,0,0,0,0,0,0,0,0,0,0,0,0,0,0,0,0,0,0,0,0,0,0,0,0,0,0,0,0,0,0,0,0,0
Hello,0.42242703533026116,1.0,0.6098310291858678,0.9146919431279621,0.7680491551459293,0.7819905213270142,0.8878648233486943,0.6761453396524486,1.0,0.6129541864139021,0.6052227342549923,0.5323854660347551,0.6559139784946236,0.32385466034755134,0.6789554531490015,0.19273301737756715,0.695852534562212,0.07424960505529225,0.46236559139784944,0.5102685624012638,0.46236559139784944,0.27330173775671407,0.4685099846390169,0.1263823064770932,0.4685099846390169,0.0,0.32872503840245776,0.5466034755134281,0.27956989247311825,0.3380726698262243,0.25499231950844853,0.1990521327014218,0.2411674347158218,0.07424960505529225,0.2073732718894009,0.6287519747235387,0.10906298003072197,0.49447077409162715,0.047619047619047616,0.40126382306477093,0.0,0.3080568720379147,0,0,0,0,0,0,0,0,0,0,0,0,0,0,0,0,0,0,0,0,0,0,0,0,0,0,0,0,0,0,0,0,0,0,0,0,0,0,0,0,0,0
Hello,0.33884297520661155,1.0,0.5929752066115702,0.9003115264797508,0.78099173553719,0.7507788161993769,0.871900826446281,0.6137071651090342,1.0,0.5109034267912772,0.5971074380165289,0.4984423676012461,0.6446280991735537,0.3146417445482866,0.6632231404958677,0.19937694704049844,0.6776859504132231,0.08878504672897196,0.4214876033057851,0.48286604361370716,0.4214876033057851,0.2570093457943925,0.4256198347107438,0.12305295950155763,0.4256198347107438,0.0,0.26239669421487605,0.5233644859813084,0.18801652892561985,0.3333333333333333,0.15495867768595042,0.2087227414330218,0.1384297520661157,0.09034267912772585,0.1115702479338843,0.6043613707165109,0.0371900826446281,0.45638629283489096,0.010330578512396695,0.3582554517133956,0.0,0.2554517133956386,0,0,0,0,0,0,0,0,0,0,0,0,0,0,0,0,0,0,0,0,0,0,0,0,0,0,0,0,0,0,0,0,0,0,0,0,0,0,0,0,0,0
Hello,0.17088607594936708,1.0,0.560126582278481,0.8909710391822828,0.7974683544303798,0.7155025553662692,0.8639240506329114,0.5400340715502555,1.0,0.41056218057921634,0.6265822784810127,0.4906303236797274,0.6772151898734177,0.30664395229982966,0.680379746835443,0.18568994889267462,0.6867088607594937,0.07155025553662692,0.4177215189873418,0.46337308347529815,0.4525316455696203,0.2504258943781942,0.47151898734177217,0.11925042589437819,0.49683544303797467,0.0,0.21518987341772153,0.48211243611584326,0.21518987341772153,0.272572402044293,0.21518987341772153,0.14310051107325383,0.22468354430379747,0.020442930153321975,0.006329113924050633,0.5400340715502555,0.0,0.3850085178875639,0.0189873417721519,0.282793867120954,0.04746835443037975,0.1788756388415673,0,0,0,0,0,0,0,0,0,0,0,0,0,0,0,0,0,0,0,0,0,0,0,0,0,0,0,0,0,0,0,0,0,0,0,0,0,0,0,0,0,0
Hello,0.15185185185185185,1.0,0.6037037037037037,0.8825688073394495,0.8407407407407408,0.673394495412844,0.8888888888888888,0.4935779816513762,1.0,0.3706422018348624,0.6481481481481481,0.48073394495412847,0.7296296296296296,0.30825688073394497,0.7592592592592593,0.1908256880733945,0.7777777777777778,0.08073394495412844,0.43703703703703706,0.45321100917431195,0.5148148148148148,0.25137614678899084,0.562962962962963,0.12110091743119267,0.6074074074074074,0.0,0.22592592592592592,0.46788990825688076,0.26296296296296295,0.26788990825688075,0.3,0.14495412844036698,0.337037037037037,0.031192660550458717,0.0,0.5174311926605505,0.022222222222222223,0.3541284403669725,0.07037037037037037,0.24587155963302754,0.12962962962962962,0.13577981651376148,0,0,0,0,0,0,0,0,0,0,0,0,0,0,0,0,0,0,0,0,0,0,0,0,0,0,0,0,0,0,0,0,0,0,0,0,0,0,0,0,0,0
Hello,0.17073170731707318,1.0,0.6422764227642277,0.8848368522072937,0.8536585365853658,0.6660268714011516,0.9105691056910569,0.4952015355086372,1.0,0.3742802303262956,0.6504065040650406,0.4817658349328215,0.7357723577235772,0.31285988483685223,0.7804878048780488,0.20153550863723607,0.8130081300813008,0.09788867562380038,0.44308943089430897,0.4510556621880998,0.5284552845528455,0.2533589251439539,0.5894308943089431,0.12092130518234165,0.6463414634146342,0.0,0.23577235772357724,0.46065259117082535,0.2967479674796748,0.2591170825335892,0.35772357723577236,0.13051823416506717,0.4186991869918699,0.011516314779270634,0.0,0.5067178502879078,0.04878048780487805,0.3397312859884837,0.12195121951219512,0.23224568138195778,0.2032520325203252,0.12476007677543186,0,0,0,0,0,0,0,0,0,0,0,0,0,0,0,0,0,0,0,0,0,0,0,0,0,0,0,0,0,0,0,0,0,0,0,0,0,0,0,0,0,0
Hello,0.2140077821011673,1.0,0.6809338521400778,0.8818011257035647,0.8715953307392996,0.6829268292682927,0.9066147859922179,0.5121951219512195,1.0,0.3902439024390244,0.6575875486381323,0.49906191369606,0.7392996108949417,0.3227016885553471,0.7704280155642024,0.2026266416510319,0.7859922178988327,0.09193245778611632,0.44357976653696496,0.4727954971857411,0.5291828793774319,0.27204502814258913,0.5758754863813229,0.1294559099437148,0.6186770428015564,0.0,0.23346303501945526,0.48592870544090055,0.25680933852140075,0.28893058161350843,0.28793774319066145,0.15572232645403378,0.3346303501945525,0.0375234521575985,0.0,0.5290806754221389,0.027237354085603113,0.3714821763602251,0.07392996108949416,0.2626641651031895,0.13229571984435798,0.15947467166979362,0,0,0,0,0,0,0,0,0,0,0,0,0,0,0,0,0,0,0,0,0,0,0,0,0,0,0,0,0,0,0,0,0,0,0,0,0,0,0,0,0,0
Hello,0.4415322580645161,1.0,0.6754032258064516,0.9256055363321799,0.8306451612903226,0.754325259515571,0.9012096774193549,0.5899653979238755,1.0,0.4826989619377163,0.6512096774193549,0.5034602076124568,0.6955645161290323,0.3027681660899654,0.7116935483870968,0.17474048442906576,0.719758064516129,0.0657439446366782,0.49193548387096775,0.4809688581314879,0.5080645161290323,0.2560553633217993,0.5241935483870968,0.11764705882352941,0.5342741935483871,0.0,0.34475806451612906,0.5103806228373703,0.2963709677419355,0.3027681660899654,0.2762096774193548,0.1643598615916955,0.26814516129032256,0.04671280276816609,0.2056451612903226,0.5865051903114187,0.09879032258064516,0.4429065743944637,0.04032258064516129,0.34429065743944637,0.0,0.2508650519031142,0,0,0,0,0,0,0,0,0,0,0,0,0,0,0,0,0,0,0,0,0,0,0,0,0,0,0,0,0,0,0,0,0,0,0,0,0,0,0,0,0,0
Hello,0.4599358974358974,1.0,0.657051282051282,0.9210950080515298,0.8012820512820513,0.7761674718196457,0.8942307692307693,0.6344605475040258,1.0,0.5394524959742351,0.6266025641025641,0.499194847020934,0.6826923076923077,0.30112721417069244,0.7099358974358975,0.1723027375201288,0.7227564102564102,0.05958132045088567,0.47596153846153844,0.4782608695652174,0.48717948717948717,0.2576489533011272,0.4951923076923077,0.11916264090177134,0.4967948717948718,0.0,0.33653846153846156,0.5201288244766505,0.2948717948717949,0.31239935587761675,0.27403846153846156,0.17713365539452497,0.26121794871794873,0.06280193236714976,0.21153846153846154,0.6119162640901772,0.11378205128205128,0.4718196457326892,0.049679487179487176,0.38003220611916266,0.0,0.286634460547504,0,0,0,0,0,0,0,0,0,0,0,0,0,0,0,0,0,0,0,0,0,0,0,0,0,0,0,0,0,0,0,0,0,0,0,0,0,0,0,0,0,0
Hello,0.4561933534743202,1.0,0.649546827794562,0.9101796407185628,0.7945619335347432,0.7694610778443114,0.8942598187311178,0.6377245508982036,1.0,0.5449101796407185,0.6253776435045317,0.5029940119760479,0.6842900302114804,0.29790419161676646,0.7145015105740181,0.17065868263473055,0.7341389728096677,0.061377245508982034,0.4818731117824773,0.4820359281437126,0.49244712990936557,0.25748502994011974,0.4984894259818731,0.11676646706586827,0.49697885196374625,0.0,0.3459214501510574,0.5179640718562875,0.3021148036253776,0.30988023952095806,0.27794561933534745,0.17365269461077845,0.2628398791540785,0.05688622754491018,0.22507552870090636,0.6017964071856288,0.11782477341389729,0.46706586826347307,0.04984894259818731,0.3727544910179641,0.0,0.281437125748503,0,0,0,0,0,0,0,0,0,0,0,0,0,0,0,0,0,0,0,0,0,0,0,0,0,0,0,0,0,0,0,0,0,0,0,0,0,0,0,0,0,0
Hello,0.45319465081723626,1.0,0.6404160475482912,0.912850812407681,0.787518573551263,0.7740029542097489,0.888558692421991,0.638109305760709,1.0,0.5376661742983752,0.6270430906389302,0.5110782865583456,0.6849925705794948,0.310192023633678,0.7161961367013373,0.18463810930576072,0.7384843982169391,0.0723781388478582,0.48588410104011887,0.4859675036927622,0.4962852897473997,0.26292466765140327,0.5037147102526003,0.1240768094534712,0.5052005943536404,0.0,0.3521545319465082,0.5214180206794683,0.31054977711738485,0.3190546528803545,0.28826151560178304,0.18463810930576072,0.274888558692422,0.06351550960118169,0.22734026745913818,0.6011816838995568,0.12332838038632987,0.46824224519940916,0.0549777117384844,0.37961595273264404,0.0,0.2895125553914328,0,0,0,0,0,0,0,0,0,0,0,0,0,0,0,0,0,0,0,0,0,0,0,0,0,0,0,0,0,0,0,0,0,0,0,0,0,0,0,0,0,0
Hello,0.443620178041543,1.0,0.6275964391691394,0.9153046062407132,0.7833827893175074,0.7756315007429421,0.8902077151335311,0.6419019316493314,1.0,0.5453194650817236,0.6246290801186943,0.5096582466567607,0.6869436201780416,0.30460624071322434,0.7166172106824926,0.17533432392273401,0.7359050445103857,0.06240713224368499,0.48516320474777447,0.48291233283803864,0.4940652818991098,0.25705794947994054,0.5,0.1188707280832095,0.5,0.0,0.35311572700296734,0.5141158989598811,0.31305637982195844,0.30906389301634474,0.29080118694362017,0.17533432392273401,0.28041543026706234,0.05943536404160475,0.23293768545994065,0.5913818722139673,0.1261127596439169,0.4635958395245171,0.05637982195845697,0.3789004457652303,0.0,0.29569093610698366,0,0,0,0,0,0,0,0,0,0,0,0,0,0,0,0,0,0,0,0,0,0,0,0,0,0,0,0,0,0,0,0,0,0,0,0,0,0,0,0,0,0
Hello,0.44511278195488724,1.0,0.6300751879699248,0.9151785714285714,0.7849624060150376,0.7752976190476191,0.8902255639097745,0.6398809523809523,1.0,0.5431547619047619,0.6240601503759399,0.5104166666666666,0.6857142857142857,0.30952380952380953,0.7172932330827068,0.18452380952380953,0.7398496240601504,0.07291666666666667,0.48270676691729325,0.4836309523809524,0.4917293233082707,0.25892857142857145,0.4992481203007519,0.12053571428571429,0.5022556390977444,0.0,0.35037593984962406,0.5148809523809523,0.3067669172932331,0.3125,0.28421052631578947,0.18154761904761904,0.2736842105263158,0.0625,0.22857142857142856,0.5922619047619048,0.12631578947368421,0.46279761904761907,0.05714285714285714,0.37797619047619047,0.0,0.2931547619047619,0,0,0,0,0,0,0,0,0,0,0,0,0,0,0,0,0,0,0,0,0,0,0,0,0,0,0,0,0,0,0,0,0,0,0,0,0,0,0,0,0,0
Hello,0.4474097331240188,1.0,0.6326530612244898,0.9104704097116844,0.7880690737833596,0.7678300455235205,0.8901098901098901,0.6342943854324734,1.0,0.5356600910470409,0.6263736263736264,0.5098634294385432,0.6860282574568289,0.30500758725341426,0.7127158555729984,0.17754172989377845,0.7331240188383046,0.0637329286798179,0.47566718995290425,0.48558421851289835,0.478806907378336,0.26100151745068284,0.4803767660910518,0.12139605462822459,0.478806907378336,0.0,0.33751962323390894,0.5174506828528073,0.28885400313971743,0.3171471927162367,0.2621664050235479,0.18512898330804248,0.24960753532182103,0.06676783004552352,0.21350078492935637,0.5963581183611533,0.11145996860282574,0.464339908952959,0.04709576138147567,0.37329286798179057,0.0,0.2822458270106222,0,0,0,0,0,0,0,0,0,0,0,0,0,0,0,0,0,0,0,0,0,0,0,0,0,0,0,0,0,0,0,0,0,0,0,0,0,0,0,0,0,0
Hello,0.45395799676898224,1.0,0.654281098546042,0.9178743961352657,0.8093699515347335,0.7761674718196457,0.9030694668820679,0.642512077294686,1.0,0.5523349436392915,0.6332794830371568,0.5233494363929146,0.6962843295638126,0.31561996779388085,0.7253634894991923,0.18357487922705315,0.7447495961227787,0.07246376811594203,0.4878836833602585,0.5024154589371981,0.49596122778675283,0.2673107890499195,0.505654281098546,0.12077294685990338,0.505654281098546,0.0,0.35218093699515346,0.537842190016103,0.308562197092084,0.33011272141706927,0.2875605815831987,0.19162640901771336,0.2778675282714055,0.06924315619967794,0.22778675282714056,0.6199677938808373,0.12116316639741519,0.48792270531400966,0.051696284329563816,0.392914653784219,0.0,0.30112721417069244,0,0,0,0,0,0,0,0,0,0,0,0,0,0,0,0,0,0,0,0,0,0,0,0,0,0,0,0,0,0,0,0,0,0,0,0,0,0,0,0,0,0
Hello,0.4165232358003442,1.0,0.6265060240963856,0.9317803660565723,0.7951807228915663,0.7886855241264559,0.8984509466437177,0.6555740432612313,1.0,0.5657237936772047,0.6385542168674698,0.5224625623960066,0.7142857142857143,0.3261231281198003,0.7504302925989673,0.20133111480865223,0.774526678141136,0.09317803660565724,0.4905335628227194,0.4908485856905158,0.504302925989673,0.259567387687188,0.5129087779690189,0.11813643926788686,0.5146299483648882,0.0,0.3528399311531842,0.519134775374376,0.31841652323580033,0.30782029950083195,0.2943201376936317,0.16805324459234608,0.27882960413080893,0.048252911813643926,0.22203098106712565,0.5956738768718802,0.12220309810671257,0.46089850249584025,0.05335628227194492,0.36772046589018303,0.0,0.2778702163061564,0,0,0,0,0,0,0,0,0,0,0,0,0,0,0,0,0,0,0,0,0,0,0,0,0,0,0,0,0,0,0,0,0,0,0,0,0,0,0,0,0,0
Hello,0.2773892773892774,0.9976133651551312,0.48717948717948717,1.0,0.710955710955711,0.7923627684964201,0.8578088578088578,0.6252983293556086,1.0,0.5346062052505967,0.5524475524475524,0.4081145584725537,0.6083916083916084,0.24105011933174225,0.6456876456876457,0.10023866348448687,0.6736596736596736,0.0,0.3682983682983683,0.38424821002386633,0.37995337995337997,0.2052505966587112,0.37995337995337997,0.11217183770883055,0.3776223776223776,0.03579952267303103,0.19813519813519814,0.42482100238663484,0.21212121212121213,0.31026252983293556,0.1958041958041958,0.39856801909307876,0.17249417249417248,0.477326968973747,0.037296037296037296,0.513126491646778,0.02564102564102564,0.43914081145584727,0.013986013986013986,0.513126491646778,0.0,0.5894988066825776,0.3856088560885609,1.0,0.6070110701107011,0.941747572815534,0.7804428044280443,0.8074433656957929,0.8892988929889298,0.6796116504854369,1.0,0.6035598705501618,0.6439114391143912,0.5355987055016181,0.7232472324723247,0.3446601941747573,0.7619926199261993,0.22330097087378642,0.7896678966789668,0.11974110032362459,0.5,0.5016181229773463,0.5239852398523985,0.27184466019417475,0.5369003690036901,0.12459546925566344,0.5387453874538746,0.0,0.3634686346863469,0.5258899676375405,0.3173431734317343,0.3220064724919094,0.2822878228782288,0.18608414239482202,0.2564575645756458,0.07119741100323625,0.23247232472324722,0.5970873786407767,0.12915129151291513,0.47249190938511326,0.05719557195571956,0.3851132686084142,0.0,0.3042071197411003
Hello,0.36893203883495146,1.0,0.5941747572815534,0.951473136915078,0.7747572815533981,0.8266897746967071,0.8912621359223301,0.707105719237435,1.0,0.6447140381282496,0.6524271844660194,0.5580589254766031,0.7533980582524272,0.3778162911611785,0.8,0.2582322357019064,0.829126213592233,0.15251299826689774,0.5029126213592233,0.5147313691507799,0.5223300970873787,0.2807625649913345,0.5320388349514563,0.12824956672443674,0.5281553398058253,0.0,0.36310679611650487,0.5337954939341422,0.32815533980582523,0.3275563258232236,0.31650485436893205,0.18717504332755633,0.3087378640776699,0.0658578856152513,0.23300970873786409,0.6013864818024264,0.1262135922330097,0.4679376083188908,0.05631067961165048,0.37435008665511266,0.0,0.28596187175043325,0,0,0,0,0,0,0,0,0,0,0,0,0,0,0,0,0,0,0,0,0,0,0,0,0,0,0,0,0,0,0,0,0,0,0,0,0,0,0,0,0,0
Hello,0.4083333333333333,1.0,0.5895833333333333,0.9886148007590133,0.7520833333333333,0.8368121442125237,0.8729166666666667,0.7210626185958254,1.0,0.6603415559772297,0.6583333333333333,0.5502846299810247,0.7229166666666667,0.3776091081593928,0.7770833333333333,0.23908918406072105,0.8166666666666667,0.12333965844402277,0.49583333333333335,0.5047438330170778,0.4979166666666667,0.29411764705882354,0.5041666666666667,0.13092979127134724,0.5,0.0,0.33958333333333335,0.5370018975332068,0.3,0.3225806451612903,0.2833333333333333,0.15749525616698293,0.26875,0.017077798861480076,0.1875,0.6337760910815939,0.10625,0.4990512333965844,0.04791666666666667,0.3946869070208729,0.0,0.29411764705882354,0.37404580152671757,1.0,0.5954198473282443,0.9545454545454546,0.7690839694656488,0.8181818181818182,0.8912213740458015,0.6958041958041958,1.0,0.6363636363636364,0.6526717557251909,0.548951048951049,0.7423664122137404,0.36713286713286714,0.7900763358778626,0.24475524475524477,0.8187022900763359,0.13636363636363635,0.5076335877862596,0.5052447552447552,0.5267175572519084,0.2762237762237762,0.5343511450381679,0.12412587412587413,0.5305343511450382,0.0,0.3683206106870229,0.5244755244755245,0.33969465648854963,0.3129370629370629,0.32251908396946566,0.1660839160839161,0.31297709923664124,0.038461538461538464,0.23473282442748092,0.5961538461538461,0.1316793893129771,0.4632867132867133,0.05916030534351145,0.3723776223776224,0.0,0.28321678321678323
Hello,0.3818525519848771,1.0,0.6049149338374291,0.9595782073813708,0.7731568998109641,0.827768014059754,0.8903591682419659,0.7047451669595782,1.0,0.6414762741652021,0.6578449905482041,0.5536028119507909,0.7466918714555766,0.37082601054481545,0.7939508506616257,0.2478031634446397,0.8223062381852552,0.13708260105448156,0.5103969754253308,0.507908611599297,0.5311909262759924,0.27768014059753954,0.5368620037807184,0.12478031634446397,0.5274102079395085,0.0,0.3686200378071834,0.5289982425307557,0.33648393194706994,0.3233743409490334,0.31758034026465026,0.1827768014059754,0.30245746691871456,0.05975395430579965,0.23251417769376181,0.5992970123022847,0.1285444234404537,0.46572934973637964,0.05671077504725898,0.37082601054481545,0.0,0.27943760984182775,0,0,0,0,0,0,0,0,0,0,0,0,0,0,0,0,0,0,0,0,0,0,0,0,0,0,0,0,0,0,0,0,0,0,0,0,0,0,0,0,0,0
